{"center_lat": 46.7921363724106, "center_lon": -113.885251234534}