{"center_lat": 40.8390480000008, "center_lon": -122.10483800000199}