{"center_lat": 33.77193578739285, "center_lon": -98.24913259304675}