{"center_lat": 42.24222442200005, "center_lon": -111.82892577}