{"center_lat": 35.738925182119104, "center_lon": -118.295331305605}