{"center_lat": 36.970301820001, "center_lon": -119.222652215502}