{"center_lat": 47.97897964516295, "center_lon": -99.03281506670476}