{"center_lat": 40.6085867921329, "center_lon": -112.30332325925849}