{"center_lat": 47.981428120899096, "center_lon": -98.99532968862525}