{"center_lat": 47.97179778731815, "center_lon": -102.1264848319535}