{"center_lat": 47.86654629388435, "center_lon": -117.73587427481749}