{"center_lat": 45.8468364230372, "center_lon": -121.2152746530765}