{"center_lat": 38.7273199103073, "center_lon": -108.77098324238051}