{"center_lat": 64.7108093786772, "center_lon": -148.543395047974}