{"center_lat": 41.4954809485001, "center_lon": -123.76714150000001}