{"center_lat": 36.32984875098755, "center_lon": -106.74366668480499}