{"center_lat": 36.261082772343656, "center_lon": -112.05840801197499}