{"center_lat": 47.50730852968235, "center_lon": -123.30414740705649}