{"center_lat": 41.5232060000007, "center_lon": -123.13578800000201}