{"center_lat": 65.14473852918249, "center_lon": -147.708229381512}