{"center_lat": 38.546043303988, "center_lon": -107.6967014077525}