{"center_lat": 44.972649056500046, "center_lon": -121.4368073535}