{"center_lat": 48.66494427400005, "center_lon": -120.7950928075}