{"center_lat": 65.3079636488117, "center_lon": -147.9403935237395}