{"center_lat": 38.5332137745158, "center_lon": -112.047594114108}