{"center_lat": 46.071110000000004, "center_lon": -120.23115}