{"center_lat": 61.8945989727373, "center_lon": -147.1046453537405}