{"center_lat": 46.109427064514, "center_lon": -114.24829852702649}