{"center_lat": 45.11152299981535, "center_lon": -114.823143500335}