{"center_lat": 33.51622214306415, "center_lon": -116.7733754708085}