{"center_lat": 48.109677275437, "center_lon": -120.7280010918215}