{"center_lat": 45.7241893218527, "center_lon": -121.3149533096005}