{"center_lat": 65.1272996444884, "center_lon": -148.2310302435315}