{"center_lat": 38.37468656794235, "center_lon": -109.098883029348}