{"center_lat": 45.48282699984105, "center_lon": -115.03024899989049}