{"center_lat": 41.28319996530605, "center_lon": -123.3432505218995}